{"description":"girl","start_time":1505258232,"end_time":1505258232,"duration":3600,"scores":[0.3103986974217789,0.3043073677772273,0.3056642196841852,0.3015652932635881,0.3015652932635881,0.3015652932635881,0.3015652932635881,0.3015652932635881,0.3015652932635881,0.3015652932635881,0.3015652932635881,0.3015652932635881,0.3015652932635881,0.3015652932635881,0.3015652932635881,0.3015652932635881,0.3015652932635881,0.3015652932635881,0.3015652932635881,0.3015652932635881,0.3015652932635881,0.2984250827212122,0.2984250827212122,0.29814622364928567,0.29244966174160675,0.29244966174160675,0.29842197893151323,0.31295996271113236,0,0,0,0,0,0,0,0,0,0,0,0,0,0,0,0,0,0,0,0,0,0,0,0,0,0,0,0,0,0,0,0,0,0,0,0,0,0,0,0,0,0,0,0]}